-- MySQL dump 10.13  Distrib 5.7.23, for Linux (x86_64)
--
-- Host: localhost    Database: gpsmovilpro
-- ------------------------------------------------------
-- Server version	5.7.23-0ubuntu0.16.04.1

/*!40101 SET @OLD_CHARACTER_SET_CLIENT=@@CHARACTER_SET_CLIENT */;
/*!40101 SET @OLD_CHARACTER_SET_RESULTS=@@CHARACTER_SET_RESULTS */;
/*!40101 SET @OLD_COLLATION_CONNECTION=@@COLLATION_CONNECTION */;
/*!40101 SET NAMES utf8 */;
/*!40103 SET @OLD_TIME_ZONE=@@TIME_ZONE */;
/*!40103 SET TIME_ZONE='+00:00' */;
/*!40014 SET @OLD_UNIQUE_CHECKS=@@UNIQUE_CHECKS, UNIQUE_CHECKS=0 */;
/*!40014 SET @OLD_FOREIGN_KEY_CHECKS=@@FOREIGN_KEY_CHECKS, FOREIGN_KEY_CHECKS=0 */;
/*!40101 SET @OLD_SQL_MODE=@@SQL_MODE, SQL_MODE='NO_AUTO_VALUE_ON_ZERO' */;
/*!40111 SET @OLD_SQL_NOTES=@@SQL_NOTES, SQL_NOTES=0 */;

--
-- Table structure for table `Event`
--

DROP TABLE IF EXISTS `Event`;
/*!40101 SET @saved_cs_client     = @@character_set_client */;
/*!40101 SET character_set_client = utf8 */;
CREATE TABLE `Event` (
  `id` char(36) NOT NULL,
  `menuL1` varchar(45) DEFAULT NULL,
  `menuL2` varchar(45) DEFAULT NULL,
  `menuL3` varchar(45) DEFAULT NULL,
  `url` varchar(100) DEFAULT NULL,
  `icon` varchar(45) DEFAULT NULL,
  PRIMARY KEY (`id`)
) ENGINE=InnoDB DEFAULT CHARSET=latin1;
/*!40101 SET character_set_client = @saved_cs_client */;

--
-- Dumping data for table `Event`
--

LOCK TABLES `Event` WRITE;
/*!40000 ALTER TABLE `Event` DISABLE KEYS */;
INSERT INTO `Event` VALUES ('1b0519c2-99e6-11e8-9106-0ac7b679022c','Facturación','Facturas',NULL,'Invoices.html','fa fa-file-text-o'),('69a75b5d-99e5-11e8-9106-0ac7b679022c','Dispositivos','Ver',NULL,'Device.html','fa fa-location-arrow'),('72592d9a-a01b-11e8-9106-0ac7b679022c','Facturación','Factura Manual',NULL,'ManualInvoice.html','fa fa-file-text-o'),('78059b70-99e5-11e8-9106-0ac7b679022c','Dispositivos','Agregar',NULL,'AddDevice.html','fa fa-location-arrow'),('80b6f3bd-99e6-11e8-9106-0ac7b679022c','Facturación','Generar Facturas',NULL,'Bill.html','fa fa-usd'),('c04c55e9-99d5-11e8-9106-0ac7b679022c','Clientes','Ver',NULL,'Clients.html','fa fa-users'),('fc874350-99d5-11e8-9106-0ac7b679022c','Clientes','Agregar',NULL,'AddClient.html',NULL);
/*!40000 ALTER TABLE `Event` ENABLE KEYS */;
UNLOCK TABLES;

--
-- Table structure for table `client`
--

DROP TABLE IF EXISTS `client`;
/*!40101 SET @saved_cs_client     = @@character_set_client */;
/*!40101 SET character_set_client = utf8 */;
CREATE TABLE `client` (
  `id` char(36) NOT NULL,
  `docID` varchar(45) DEFAULT NULL,
  `name` varchar(100) DEFAULT NULL,
  `company` varchar(45) DEFAULT NULL,
  `tel` varchar(45) DEFAULT NULL,
  `email` varchar(45) DEFAULT NULL,
  `city` varchar(45) DEFAULT NULL,
  `state` varchar(45) DEFAULT NULL,
  `country` varchar(45) DEFAULT NULL,
  PRIMARY KEY (`id`)
) ENGINE=InnoDB DEFAULT CHARSET=latin1;
/*!40101 SET character_set_client = @saved_cs_client */;

--
-- Dumping data for table `client`
--

LOCK TABLES `client` WRITE;
/*!40000 ALTER TABLE `client` DISABLE KEYS */;
INSERT INTO `client` VALUES ('1f72c6f3-99eb-11e8-9106-0ac7b679022c','114140310','Jason Rojas Valverde','GPSMovil','88986761','j-rojas-18@hotmail.com','Pavas','San Jose','Costa Rica'),('8c4d592a-9f0f-11e8-9106-0ac7b679022c','107470031','Mauricio Soto Araya','Cool Service MS','83905908','j-rojas-18@hotmail.com','San Jose','Pavas','Costa Rica'),('c19e54ec-935e-11e8-825d-0ac7b679022c','112930631','Felix Suarez Bonilla','Personal','8783-4957','j-rojas-18@hotmail.com','San Sebastian','San Jose','Costa Rica'),('d6ff7c5d-935e-11e8-825d-0ac7b679022c','114140000','Rafael Marin','GPSMovil','89920147','j-rojas-18@hotmail.com','Pavas','San Jose','Costa Rica');
/*!40000 ALTER TABLE `client` ENABLE KEYS */;
UNLOCK TABLES;

--
-- Table structure for table `contracts`
--

DROP TABLE IF EXISTS `contracts`;
/*!40101 SET @saved_cs_client     = @@character_set_client */;
/*!40101 SET character_set_client = utf8 */;
CREATE TABLE `contracts` (
  `id` char(36) NOT NULL,
  `idClient` char(36) NOT NULL,
  `creation` varchar(45) DEFAULT 'CURRENT_TIMESTAMP()',
  `expires` varchar(45) DEFAULT NULL,
  `bill_day` varchar(45) DEFAULT NULL,
  `number` varchar(45) DEFAULT NULL,
  `methodPayment` varchar(45) DEFAULT NULL,
  `codeSOS` varchar(45) DEFAULT NULL,
  `numSOS1` varchar(45) DEFAULT NULL,
  `numSOS2` varchar(45) DEFAULT NULL,
  PRIMARY KEY (`id`)
) ENGINE=InnoDB DEFAULT CHARSET=latin1;
/*!40101 SET character_set_client = @saved_cs_client */;

--
-- Dumping data for table `contracts`
--

LOCK TABLES `contracts` WRITE;
/*!40000 ALTER TABLE `contracts` DISABLE KEYS */;
INSERT INTO `contracts` VALUES ('22d05eb6-9d07-11e8-9106-0ac7b679022c','c19e54ec-935e-11e8-825d-0ac7b679022c','2018-08-11 17:34:05','2019-08-11 00:00:00','14','001','PayPal','1234','88986761','89920147'),('35127cd9-9d07-11e8-9106-0ac7b679022c','d6ff7c5d-935e-11e8-825d-0ac7b679022c','2018-08-11 17:34:05','2019-08-11 00:00:00','14','005','PayPal','1234','88986761','89920147'),('a18f7fb8-a030-11e8-9106-0ac7b679022c','8c4d592a-9f0f-11e8-9106-0ac7b679022c','2018-07-21 11:00:00','2019-07-21 11:00:00','21','1020','Deposito','241108','88635759','83460919'),('a4b1c138-99ec-11e8-9106-0ac7b679022c','1f72c6f3-99eb-11e8-9106-0ac7b679022c','2018-08-11 17:34:05','2019-08-11 00:00:00','14','008','PayPal','1234','88986761','89920147'),('e5598fe2-9f10-11e8-9106-0ac7b679022c','8c4d592a-9f0f-11e8-9106-0ac7b679022c','2018-07-21 11:00:00','2019-07-21 11:00:00','14','1020','Deposito','241108','88635759','83460919');
/*!40000 ALTER TABLE `contracts` ENABLE KEYS */;
UNLOCK TABLES;

--
-- Table structure for table `device`
--

DROP TABLE IF EXISTS `device`;
/*!40101 SET @saved_cs_client     = @@character_set_client */;
/*!40101 SET character_set_client = utf8 */;
CREATE TABLE `device` (
  `id` char(36) NOT NULL,
  `idContract` char(36) DEFAULT NULL,
  `imei` varchar(45) DEFAULT NULL,
  `SIM` varchar(45) DEFAULT NULL,
  `frequencyPay` varchar(45) DEFAULT NULL,
  `priceMonitoring` decimal(18,5) DEFAULT NULL,
  `priceInstallation` decimal(18,5) DEFAULT NULL,
  `description` varchar(70) DEFAULT NULL,
  PRIMARY KEY (`id`)
) ENGINE=InnoDB DEFAULT CHARSET=latin1;
/*!40101 SET character_set_client = @saved_cs_client */;

--
-- Dumping data for table `device`
--

LOCK TABLES `device` WRITE;
/*!40000 ALTER TABLE `device` DISABLE KEYS */;
INSERT INTO `device` VALUES ('297b0eb5-9f13-11e8-9106-0ac7b679022c','e5598fe2-9f10-11e8-9106-0ac7b679022c','64507033125666','70413447','mensual',15.93000,88.00000,'Subscripción Servicio Monitoreo'),('2f6e691e-9d97-11e8-9106-0ac7b679022c','22d05eb6-9d07-11e8-9106-0ac7b679022c','123456789012345','12345678','mensual',10.00000,70.00000,'Subscripción Servicio Monitoreo'),('30dde7e9-9d97-11e8-9106-0ac7b679022c','22d05eb6-9d07-11e8-9106-0ac7b679022c','123456789012345','12345678','mensual',10.00000,70.00000,'Subscripción Servicio Monitoreo'),('34395fea-9d97-11e8-9106-0ac7b679022c','22d05eb6-9d07-11e8-9106-0ac7b679022c','123456789012345','12345678','mensual',10.00000,70.00000,'Subscripción Servicio Monitoreo'),('49df0747-9d97-11e8-9106-0ac7b679022c','35127cd9-9d07-11e8-9106-0ac7b679022c','123456789012345','12345678','mensual',10.00000,70.00000,'Subscripción Servicio Monitoreo'),('4a63b24d-9d97-11e8-9106-0ac7b679022c','35127cd9-9d07-11e8-9106-0ac7b679022c','123456789012345','12345678','mensual',10.00000,70.00000,'Subscripción Servicio Monitoreo'),('4aea9b7c-9d97-11e8-9106-0ac7b679022c','35127cd9-9d07-11e8-9106-0ac7b679022c','123456789012345','12345678','mensual',10.00000,70.00000,'Subscripción Servicio Monitoreo'),('553c7e76-9d97-11e8-9106-0ac7b679022c','a4b1c138-99ec-11e8-9106-0ac7b679022c','123456789012345','12345678','mensual',10.00000,70.00000,'Subscripción Servicio Monitoreo'),('55b7ea32-9d97-11e8-9106-0ac7b679022c','a4b1c138-99ec-11e8-9106-0ac7b679022c','123456789012345','12345678','mensual',10.00000,70.00000,'Subscripción Servicio Monitoreo'),('56422306-9d97-11e8-9106-0ac7b679022c','a4b1c138-99ec-11e8-9106-0ac7b679022c','123456789012345','12345678','mensual',10.00000,70.00000,'Subscripción Servicio Monitoreo'),('56baf930-9d97-11e8-9106-0ac7b679022c','a4b1c138-99ec-11e8-9106-0ac7b679022c','123456789012345','12345678','mensual',10.00000,70.00000,'Subscripción Servicio Monitoreo');
/*!40000 ALTER TABLE `device` ENABLE KEYS */;
UNLOCK TABLES;

--
-- Table structure for table `factura`
--

DROP TABLE IF EXISTS `factura`;
/*!40101 SET @saved_cs_client     = @@character_set_client */;
/*!40101 SET character_set_client = utf8 */;
CREATE TABLE `factura` (
  `id` char(36) NOT NULL,
  `estado` int(1) DEFAULT NULL,
  `fechaCreacion` timestamp NOT NULL DEFAULT CURRENT_TIMESTAMP ON UPDATE CURRENT_TIMESTAMP,
  `consecutivo` int(11) DEFAULT NULL,
  `local` varchar(3) NOT NULL,
  `terminal` varchar(5) NOT NULL,
  `idCondicionVenta` int(11) NOT NULL,
  `idSituacionComprobante` int(11) NOT NULL,
  `idEstadoComprobante` char(11) NOT NULL,
  `plazoCredito` varchar(10) DEFAULT NULL,
  `idMedioPago` int(11) NOT NULL,
  `resumenFactura` tinyint(1) DEFAULT NULL,
  `idCodigoMoneda` int(11) DEFAULT NULL,
  `tipoCambio` decimal(18,5) DEFAULT NULL,
  `totalServGravados` decimal(18,5) DEFAULT NULL,
  `totalServExentos` decimal(18,5) DEFAULT NULL,
  `totalMercanciasGravadas` decimal(18,5) DEFAULT NULL,
  `totalMercanciaSexentas` decimal(18,5) DEFAULT NULL,
  `totalGravado` decimal(18,5) DEFAULT NULL,
  `totalExento` decimal(18,5) DEFAULT NULL,
  `fechaEmision` varchar(45) NOT NULL,
  `codigoReferencia` int(11) DEFAULT NULL,
  `totalVenta` decimal(18,5) NOT NULL,
  `totalDescuentos` decimal(18,5) NOT NULL,
  `totalVentaneta` decimal(18,5) NOT NULL,
  `totalImpuesto` decimal(18,5) NOT NULL,
  `totalComprobante` decimal(18,5) NOT NULL,
  `idReceptor` char(36) DEFAULT NULL,
  `idEmisor` char(36) NOT NULL,
  `idUsuario` char(36) NOT NULL,
  PRIMARY KEY (`id`)
) ENGINE=InnoDB DEFAULT CHARSET=latin1;
/*!40101 SET character_set_client = @saved_cs_client */;

--
-- Dumping data for table `factura`
--

LOCK TABLES `factura` WRITE;
/*!40000 ALTER TABLE `factura` DISABLE KEYS */;
INSERT INTO `factura` VALUES ('194ce25a-8bc5-4b26-917f-dfd1db499ea4',0,'2018-08-13 21:00:24',NULL,'001','00001',1,1,'1',NULL,1,NULL,NULL,NULL,NULL,NULL,NULL,NULL,NULL,NULL,'Mon de August 2018',NULL,0.00000,0.00000,0.00000,0.00000,0.00000,NULL,'1f85f425-1c4b-4212-9d97-72e413cffb3c','1f85f425-1c4b-4212-9d97-72e413cffb3c'),('1b8fd996-6fa8-47b5-829c-190ce7f48d4d',0,'2018-08-13 20:53:31',NULL,'001','00001',1,1,'1',NULL,1,NULL,NULL,NULL,NULL,NULL,NULL,NULL,NULL,NULL,'Mon de August 2018',NULL,0.00000,0.00000,0.00000,0.00000,0.00000,NULL,'1f85f425-1c4b-4212-9d97-72e413cffb3c','1f85f425-1c4b-4212-9d97-72e413cffb3c'),('1cc4522d-177c-46a8-a1a9-ea24aa3c6924',0,'2018-08-13 18:51:47',NULL,'001','00001',1,1,'1',NULL,1,NULL,NULL,NULL,NULL,NULL,NULL,NULL,NULL,NULL,'Mon de August 2018',NULL,0.00000,0.00000,0.00000,0.00000,0.00000,NULL,'1f85f425-1c4b-4212-9d97-72e413cffb3c','1f85f425-1c4b-4212-9d97-72e413cffb3c'),('2a4eefed-62d1-4588-bf2f-544bfd33e8dc',0,'2018-08-13 20:56:15',NULL,'001','00001',1,1,'1',NULL,1,NULL,NULL,NULL,NULL,NULL,NULL,NULL,NULL,NULL,'Mon de August 2018',NULL,0.00000,0.00000,0.00000,0.00000,0.00000,NULL,'1f85f425-1c4b-4212-9d97-72e413cffb3c','1f85f425-1c4b-4212-9d97-72e413cffb3c'),('2de77a01-006e-4df0-8814-3a53a9cbad38',0,'2018-08-14 04:53:30',NULL,'001','00001',1,1,'1',NULL,1,NULL,NULL,NULL,NULL,NULL,NULL,NULL,NULL,NULL,'Tue de August 2018',NULL,0.00000,0.00000,0.00000,0.00000,0.00000,NULL,'1f85f425-1c4b-4212-9d97-72e413cffb3c','1f85f425-1c4b-4212-9d97-72e413cffb3c'),('597f3b0a-932c-4ee8-be32-623fa0477e2a',0,'2018-08-13 18:57:36',NULL,'001','00001',1,1,'1',NULL,1,NULL,NULL,NULL,NULL,NULL,NULL,NULL,NULL,NULL,'Mon de August 2018',NULL,0.00000,0.00000,0.00000,0.00000,0.00000,NULL,'1f85f425-1c4b-4212-9d97-72e413cffb3c','1f85f425-1c4b-4212-9d97-72e413cffb3c'),('5a3f31c5-d594-4577-ad8f-6bf7910ec677',0,'2018-08-13 20:54:23',NULL,'001','00001',1,1,'1',NULL,1,NULL,NULL,NULL,NULL,NULL,NULL,NULL,NULL,NULL,'Mon de August 2018',NULL,0.00000,0.00000,0.00000,0.00000,0.00000,NULL,'1f85f425-1c4b-4212-9d97-72e413cffb3c','1f85f425-1c4b-4212-9d97-72e413cffb3c'),('5d7e515d-1433-4141-ab9b-081f7fb6843e',0,'2018-08-13 06:19:10',NULL,'001','00001',1,1,'1',NULL,1,NULL,NULL,NULL,NULL,NULL,NULL,NULL,NULL,NULL,'Mon de August 2018',NULL,0.00000,0.00000,0.00000,0.00000,0.00000,NULL,'1f85f425-1c4b-4212-9d97-72e413cffb3c','1f85f425-1c4b-4212-9d97-72e413cffb3c'),('616ffca1-7239-42b7-8386-c929c6617a64',0,'2018-08-13 20:56:16',NULL,'001','00001',1,1,'1',NULL,1,NULL,NULL,NULL,NULL,NULL,NULL,NULL,NULL,NULL,'Mon de August 2018',NULL,0.00000,0.00000,0.00000,0.00000,0.00000,NULL,'1f85f425-1c4b-4212-9d97-72e413cffb3c','1f85f425-1c4b-4212-9d97-72e413cffb3c'),('72ac3fc3-36c7-40be-a8d8-61e756943c8e',0,'2018-08-13 18:54:11',NULL,'001','00001',1,1,'1',NULL,1,NULL,NULL,NULL,NULL,NULL,NULL,NULL,NULL,NULL,'Mon de August 2018',NULL,0.00000,0.00000,0.00000,0.00000,0.00000,NULL,'1f85f425-1c4b-4212-9d97-72e413cffb3c','1f85f425-1c4b-4212-9d97-72e413cffb3c'),('74c55c08-8801-4fd4-a0ac-8751600111bb',0,'2018-08-14 05:00:19',NULL,'001','00001',1,1,'1',NULL,1,NULL,NULL,NULL,NULL,NULL,NULL,NULL,NULL,NULL,'Tue de August 2018',NULL,0.00000,0.00000,0.00000,0.00000,0.00000,NULL,'1f85f425-1c4b-4212-9d97-72e413cffb3c','1f85f425-1c4b-4212-9d97-72e413cffb3c'),('7d870b3a-b3dd-47d7-a7e9-d9a358699e83',0,'2018-08-13 18:15:39',NULL,'001','00001',1,1,'1',NULL,1,NULL,NULL,NULL,NULL,NULL,NULL,NULL,NULL,NULL,'Mon de August 2018',NULL,0.00000,0.00000,0.00000,0.00000,0.00000,NULL,'1f85f425-1c4b-4212-9d97-72e413cffb3c','1f85f425-1c4b-4212-9d97-72e413cffb3c'),('802b3b36-141b-4191-be90-83864a25d4ef',0,'2018-08-13 21:00:23',NULL,'001','00001',1,1,'1',NULL,1,NULL,NULL,NULL,NULL,NULL,NULL,NULL,NULL,NULL,'Mon de August 2018',NULL,0.00000,0.00000,0.00000,0.00000,0.00000,NULL,'1f85f425-1c4b-4212-9d97-72e413cffb3c','1f85f425-1c4b-4212-9d97-72e413cffb3c'),('8a3b6fb3-cec0-42f6-b3ee-830d2458b0b3',0,'2018-08-13 20:57:37',NULL,'001','00001',1,1,'1',NULL,1,NULL,NULL,NULL,NULL,NULL,NULL,NULL,NULL,NULL,'Mon de August 2018',NULL,0.00000,0.00000,0.00000,0.00000,0.00000,NULL,'1f85f425-1c4b-4212-9d97-72e413cffb3c','1f85f425-1c4b-4212-9d97-72e413cffb3c'),('9cf898a7-9e76-4e36-b0ec-ad712ef3c844',0,'2018-08-12 22:19:14',NULL,'001','00001',1,1,'1',NULL,1,NULL,NULL,NULL,NULL,NULL,NULL,NULL,NULL,NULL,'Sun de August 2018',NULL,0.00000,0.00000,0.00000,0.00000,0.00000,NULL,'1f85f425-1c4b-4212-9d97-72e413cffb3c','1f85f425-1c4b-4212-9d97-72e413cffb3c'),('9fbc825b-61ba-4efd-b50f-54e7281142c0',0,'2018-08-13 19:00:53',NULL,'001','00001',1,1,'1',NULL,1,NULL,NULL,NULL,NULL,NULL,NULL,NULL,NULL,NULL,'Mon de August 2018',NULL,0.00000,0.00000,0.00000,0.00000,0.00000,NULL,'1f85f425-1c4b-4212-9d97-72e413cffb3c','1f85f425-1c4b-4212-9d97-72e413cffb3c'),('a1744314-8997-4e26-a1d3-ee753bd6dee2',0,'2018-08-13 20:54:24',NULL,'001','00001',1,1,'1',NULL,1,NULL,NULL,NULL,NULL,NULL,NULL,NULL,NULL,NULL,'Mon de August 2018',NULL,0.00000,0.00000,0.00000,0.00000,0.00000,NULL,'1f85f425-1c4b-4212-9d97-72e413cffb3c','1f85f425-1c4b-4212-9d97-72e413cffb3c'),('a4fef3b7-214a-4052-a63f-6cbc1fd7dfa7',0,'2018-08-13 20:54:21',NULL,'001','00001',1,1,'1',NULL,1,NULL,NULL,NULL,NULL,NULL,NULL,NULL,NULL,NULL,'Mon de August 2018',NULL,0.00000,0.00000,0.00000,0.00000,0.00000,NULL,'1f85f425-1c4b-4212-9d97-72e413cffb3c','1f85f425-1c4b-4212-9d97-72e413cffb3c'),('a930dc9b-3ffa-4af6-b5b4-0a146f6cb15f',0,'2018-08-14 04:57:35',NULL,'001','00001',1,1,'1',NULL,1,NULL,NULL,NULL,NULL,NULL,NULL,NULL,NULL,NULL,'Tue de August 2018',NULL,0.00000,0.00000,0.00000,0.00000,0.00000,NULL,'1f85f425-1c4b-4212-9d97-72e413cffb3c','1f85f425-1c4b-4212-9d97-72e413cffb3c'),('a9aa9b8b-266d-4bf6-a512-5acde455e9b9',0,'2018-08-13 20:53:33',NULL,'001','00001',1,1,'1',NULL,1,NULL,NULL,NULL,NULL,NULL,NULL,NULL,NULL,NULL,'Mon de August 2018',NULL,0.00000,0.00000,0.00000,0.00000,0.00000,NULL,'1f85f425-1c4b-4212-9d97-72e413cffb3c','1f85f425-1c4b-4212-9d97-72e413cffb3c'),('ad92894a-04fa-4890-b862-2bb551606016',0,'2018-08-13 20:57:39',NULL,'001','00001',1,1,'1',NULL,1,NULL,NULL,NULL,NULL,NULL,NULL,NULL,NULL,NULL,'Mon de August 2018',NULL,0.00000,0.00000,0.00000,0.00000,0.00000,NULL,'1f85f425-1c4b-4212-9d97-72e413cffb3c','1f85f425-1c4b-4212-9d97-72e413cffb3c'),('bdb19c59-117b-42ca-adfb-8289fc54dcc2',0,'2018-08-13 20:53:34',NULL,'001','00001',1,1,'1',NULL,1,NULL,NULL,NULL,NULL,NULL,NULL,NULL,NULL,NULL,'Mon de August 2018',NULL,0.00000,0.00000,0.00000,0.00000,0.00000,NULL,'1f85f425-1c4b-4212-9d97-72e413cffb3c','1f85f425-1c4b-4212-9d97-72e413cffb3c'),('c02e973a-a75b-4b23-a6aa-8b730d9037e6',0,'2018-08-13 20:56:13',NULL,'001','00001',1,1,'1',NULL,1,NULL,NULL,NULL,NULL,NULL,NULL,NULL,NULL,NULL,'Mon de August 2018',NULL,0.00000,0.00000,0.00000,0.00000,0.00000,NULL,'1f85f425-1c4b-4212-9d97-72e413cffb3c','1f85f425-1c4b-4212-9d97-72e413cffb3c'),('c08df1a8-f567-4a1f-8a0c-ce1a587f8d0d',0,'2018-08-14 04:54:20',NULL,'001','00001',1,1,'1',NULL,1,NULL,NULL,NULL,NULL,NULL,NULL,NULL,NULL,NULL,'Tue de August 2018',NULL,0.00000,0.00000,0.00000,0.00000,0.00000,NULL,'1f85f425-1c4b-4212-9d97-72e413cffb3c','1f85f425-1c4b-4212-9d97-72e413cffb3c'),('c4fe1ef6-67e6-4323-beb0-ccfd71501718',0,'2018-08-14 04:56:11',NULL,'001','00001',1,1,'1',NULL,1,NULL,NULL,NULL,NULL,NULL,NULL,NULL,NULL,NULL,'Tue de August 2018',NULL,0.00000,0.00000,0.00000,0.00000,0.00000,NULL,'1f85f425-1c4b-4212-9d97-72e413cffb3c','1f85f425-1c4b-4212-9d97-72e413cffb3c'),('c758a94c-11d2-4070-9f3c-79526dedbe47',0,'2018-08-13 18:38:46',NULL,'001','00001',1,1,'1',NULL,1,NULL,NULL,NULL,NULL,NULL,NULL,NULL,NULL,NULL,'Mon de August 2018',NULL,0.00000,0.00000,0.00000,0.00000,0.00000,NULL,'1f85f425-1c4b-4212-9d97-72e413cffb3c','1f85f425-1c4b-4212-9d97-72e413cffb3c'),('c838fa1e-5257-4c91-a7a7-7a96de902d3b',0,'2018-08-13 18:17:23',NULL,'001','00001',1,1,'1',NULL,1,NULL,NULL,NULL,NULL,NULL,NULL,NULL,NULL,NULL,'Mon de August 2018',NULL,0.00000,0.00000,0.00000,0.00000,0.00000,NULL,'1f85f425-1c4b-4212-9d97-72e413cffb3c','1f85f425-1c4b-4212-9d97-72e413cffb3c'),('de302d28-d7b0-4a3b-9d3e-4a2961e91e5a',0,'2018-08-13 18:30:12',NULL,'001','00001',1,1,'1',NULL,1,NULL,NULL,NULL,NULL,NULL,NULL,NULL,NULL,NULL,'Mon de August 2018',NULL,0.00000,0.00000,0.00000,0.00000,0.00000,NULL,'1f85f425-1c4b-4212-9d97-72e413cffb3c','1f85f425-1c4b-4212-9d97-72e413cffb3c'),('e6c024a5-de8e-4108-bd6b-11e300c43cf7',0,'2018-08-13 21:00:21',NULL,'001','00001',1,1,'1',NULL,1,NULL,NULL,NULL,NULL,NULL,NULL,NULL,NULL,NULL,'Mon de August 2018',NULL,0.00000,0.00000,0.00000,0.00000,0.00000,NULL,'1f85f425-1c4b-4212-9d97-72e413cffb3c','1f85f425-1c4b-4212-9d97-72e413cffb3c'),('f6ca4347-5fd9-41e1-8f5d-b0d1d2e3f168',0,'2018-08-13 20:57:40',NULL,'001','00001',1,1,'1',NULL,1,NULL,NULL,NULL,NULL,NULL,NULL,NULL,NULL,NULL,'Mon de August 2018',NULL,0.00000,0.00000,0.00000,0.00000,0.00000,NULL,'1f85f425-1c4b-4212-9d97-72e413cffb3c','1f85f425-1c4b-4212-9d97-72e413cffb3c'),('fe51c9e4-bdb8-46ab-bb71-c2bbc3910e71',0,'2018-08-12 22:19:12',NULL,'001','00001',1,1,'1',NULL,1,NULL,NULL,NULL,NULL,NULL,NULL,NULL,NULL,NULL,'Sun de August 2018',NULL,0.00000,0.00000,0.00000,0.00000,0.00000,NULL,'1f85f425-1c4b-4212-9d97-72e413cffb3c','1f85f425-1c4b-4212-9d97-72e413cffb3c');
/*!40000 ALTER TABLE `factura` ENABLE KEYS */;
UNLOCK TABLES;

--
-- Table structure for table `productosXFactura`
--

DROP TABLE IF EXISTS `productosXFactura`;
/*!40101 SET @saved_cs_client     = @@character_set_client */;
/*!40101 SET character_set_client = utf8 */;
CREATE TABLE `productosXFactura` (
  `id` char(36) NOT NULL,
  `idFactura` char(36) DEFAULT NULL,
  `numeroLinea` int(4) DEFAULT NULL,
  `idTipoCodigo` int(11) DEFAULT NULL,
  `codigo` varchar(20) DEFAULT NULL,
  `cantidad` decimal(16,3) DEFAULT NULL,
  `idUnidadMedida` int(11) DEFAULT NULL,
  `unidadMedidaComercial` varchar(20) DEFAULT NULL,
  `detalle` varchar(160) DEFAULT NULL,
  `precioUnitario` decimal(18,5) DEFAULT NULL,
  `montoTotal` decimal(18,5) DEFAULT NULL,
  `montoDescuento` decimal(18,5) DEFAULT NULL,
  `naturalezaDescuento` varchar(80) DEFAULT NULL,
  `subTotal` decimal(18,5) DEFAULT NULL,
  `codigoImpuesto` varchar(2) DEFAULT NULL,
  `tarifaImpuesto` decimal(4,2) DEFAULT NULL,
  `montoImpuesto` decimal(18,5) DEFAULT NULL,
  `idExoneracionImpuesto` int(11) DEFAULT NULL,
  `montoTotalLinea` decimal(18,5) DEFAULT NULL,
  PRIMARY KEY (`id`)
) ENGINE=InnoDB DEFAULT CHARSET=latin1;
/*!40101 SET character_set_client = @saved_cs_client */;

--
-- Dumping data for table `productosXFactura`
--

LOCK TABLES `productosXFactura` WRITE;
/*!40000 ALTER TABLE `productosXFactura` DISABLE KEYS */;
INSERT INTO `productosXFactura` VALUES ('0c8b7e01-9f19-11e8-9106-0ac7b679022c','72ac3fc3-36c7-40be-a8d8-61e756943c8e',1,NULL,NULL,1.000,33,NULL,'Subscripción Servicio Monitoreo mensual',15.93000,18.00090,NULL,NULL,15.93000,NULL,NULL,NULL,NULL,18.00090),('20998f39-9f6d-11e8-9106-0ac7b679022c','c4fe1ef6-67e6-4323-beb0-ccfd71501718',1,NULL,NULL,1.000,33,NULL,'Subscripción Servicio Monitoreo mensual',10.00000,11.30000,NULL,NULL,10.00000,NULL,NULL,NULL,NULL,11.30000),('20c24ae5-9f6d-11e8-9106-0ac7b679022c','c4fe1ef6-67e6-4323-beb0-ccfd71501718',2,NULL,NULL,1.000,33,NULL,'Subscripción Servicio Monitoreo mensual',10.00000,11.30000,NULL,NULL,10.00000,NULL,NULL,NULL,NULL,11.30000),('20eafbbf-9f6d-11e8-9106-0ac7b679022c','c4fe1ef6-67e6-4323-beb0-ccfd71501718',3,NULL,NULL,1.000,33,NULL,'Subscripción Servicio Monitoreo mensual',10.00000,11.30000,NULL,NULL,10.00000,NULL,NULL,NULL,NULL,11.30000),('21963b7f-9f6d-11e8-9106-0ac7b679022c','c02e973a-a75b-4b23-a6aa-8b730d9037e6',1,NULL,NULL,1.000,33,NULL,'Subscripción Servicio Monitoreo mensual',10.00000,11.30000,NULL,NULL,10.00000,NULL,NULL,NULL,NULL,11.30000),('21bee550-9f6d-11e8-9106-0ac7b679022c','c02e973a-a75b-4b23-a6aa-8b730d9037e6',2,NULL,NULL,1.000,33,NULL,'Subscripción Servicio Monitoreo mensual',10.00000,11.30000,NULL,NULL,10.00000,NULL,NULL,NULL,NULL,11.30000),('21e7cb82-9f6d-11e8-9106-0ac7b679022c','c02e973a-a75b-4b23-a6aa-8b730d9037e6',3,NULL,NULL,1.000,33,NULL,'Subscripción Servicio Monitoreo mensual',10.00000,11.30000,NULL,NULL,10.00000,NULL,NULL,NULL,NULL,11.30000),('22110410-9f6d-11e8-9106-0ac7b679022c','c02e973a-a75b-4b23-a6aa-8b730d9037e6',4,NULL,NULL,1.000,33,NULL,'Subscripción Servicio Monitoreo mensual',10.00000,11.30000,NULL,NULL,10.00000,NULL,NULL,NULL,NULL,11.30000),('22bc507e-9f6d-11e8-9106-0ac7b679022c','2a4eefed-62d1-4588-bf2f-544bfd33e8dc',1,NULL,NULL,1.000,33,NULL,'Subscripción Servicio Monitoreo mensual',15.93000,18.00090,NULL,NULL,15.93000,NULL,NULL,NULL,NULL,18.00090),('2368707c-9f6d-11e8-9106-0ac7b679022c','616ffca1-7239-42b7-8386-c929c6617a64',1,NULL,NULL,1.000,33,NULL,'Subscripción Servicio Monitoreo mensual',10.00000,11.30000,NULL,NULL,10.00000,NULL,NULL,NULL,NULL,11.30000),('23914d9f-9f6d-11e8-9106-0ac7b679022c','616ffca1-7239-42b7-8386-c929c6617a64',2,NULL,NULL,1.000,33,NULL,'Subscripción Servicio Monitoreo mensual',10.00000,11.30000,NULL,NULL,10.00000,NULL,NULL,NULL,NULL,11.30000),('23b9fd5e-9f6d-11e8-9106-0ac7b679022c','616ffca1-7239-42b7-8386-c929c6617a64',3,NULL,NULL,1.000,33,NULL,'Subscripción Servicio Monitoreo mensual',10.00000,11.30000,NULL,NULL,10.00000,NULL,NULL,NULL,NULL,11.30000),('52780aab-9f6d-11e8-9106-0ac7b679022c','a930dc9b-3ffa-4af6-b5b4-0a146f6cb15f',1,NULL,NULL,1.000,33,NULL,'Subscripción Servicio Monitoreo mensual',10.00000,11.30000,NULL,NULL,10.00000,NULL,NULL,NULL,NULL,11.30000),('52a0cca1-9f6d-11e8-9106-0ac7b679022c','a930dc9b-3ffa-4af6-b5b4-0a146f6cb15f',2,NULL,NULL,1.000,33,NULL,'Subscripción Servicio Monitoreo mensual',10.00000,11.30000,NULL,NULL,10.00000,NULL,NULL,NULL,NULL,11.30000),('52c9da7e-9f6d-11e8-9106-0ac7b679022c','a930dc9b-3ffa-4af6-b5b4-0a146f6cb15f',3,NULL,NULL,1.000,33,NULL,'Subscripción Servicio Monitoreo mensual',10.00000,11.30000,NULL,NULL,10.00000,NULL,NULL,NULL,NULL,11.30000),('5377cae9-9f6d-11e8-9106-0ac7b679022c','8a3b6fb3-cec0-42f6-b3ee-830d2458b0b3',1,NULL,NULL,1.000,33,NULL,'Subscripción Servicio Monitoreo mensual',10.00000,11.30000,NULL,NULL,10.00000,NULL,NULL,NULL,NULL,11.30000),('53a07a1b-9f6d-11e8-9106-0ac7b679022c','8a3b6fb3-cec0-42f6-b3ee-830d2458b0b3',2,NULL,NULL,1.000,33,NULL,'Subscripción Servicio Monitoreo mensual',10.00000,11.30000,NULL,NULL,10.00000,NULL,NULL,NULL,NULL,11.30000),('53d17c71-9f6d-11e8-9106-0ac7b679022c','8a3b6fb3-cec0-42f6-b3ee-830d2458b0b3',3,NULL,NULL,1.000,33,NULL,'Subscripción Servicio Monitoreo mensual',10.00000,11.30000,NULL,NULL,10.00000,NULL,NULL,NULL,NULL,11.30000),('53fa2a8f-9f6d-11e8-9106-0ac7b679022c','8a3b6fb3-cec0-42f6-b3ee-830d2458b0b3',4,NULL,NULL,1.000,33,NULL,'Subscripción Servicio Monitoreo mensual',10.00000,11.30000,NULL,NULL,10.00000,NULL,NULL,NULL,NULL,11.30000),('54a6d4bc-9f6d-11e8-9106-0ac7b679022c','ad92894a-04fa-4890-b862-2bb551606016',1,NULL,NULL,1.000,33,NULL,'Subscripción Servicio Monitoreo mensual',15.93000,18.00090,NULL,NULL,15.93000,NULL,NULL,NULL,NULL,18.00090),('55547004-9f6d-11e8-9106-0ac7b679022c','f6ca4347-5fd9-41e1-8f5d-b0d1d2e3f168',1,NULL,NULL,1.000,33,NULL,'Subscripción Servicio Monitoreo mensual',10.00000,11.30000,NULL,NULL,10.00000,NULL,NULL,NULL,NULL,11.30000),('557d19ae-9f6d-11e8-9106-0ac7b679022c','f6ca4347-5fd9-41e1-8f5d-b0d1d2e3f168',2,NULL,NULL,1.000,33,NULL,'Subscripción Servicio Monitoreo mensual',10.00000,11.30000,NULL,NULL,10.00000,NULL,NULL,NULL,NULL,11.30000),('55a5d8f6-9f6d-11e8-9106-0ac7b679022c','f6ca4347-5fd9-41e1-8f5d-b0d1d2e3f168',3,NULL,NULL,1.000,33,NULL,'Subscripción Servicio Monitoreo mensual',10.00000,11.30000,NULL,NULL,10.00000,NULL,NULL,NULL,NULL,11.30000),('86245450-9f19-11e8-9106-0ac7b679022c','597f3b0a-932c-4ee8-be32-623fa0477e2a',1,NULL,NULL,1.000,33,NULL,'Subscripción Servicio Monitoreo mensual',15.93000,18.00090,NULL,NULL,15.93000,NULL,NULL,NULL,NULL,18.00090),('8dd3f712-9eaf-11e8-9106-0ac7b679022c','5d7e515d-1433-4141-ab9b-081f7fb6843e',1,NULL,NULL,1.000,33,NULL,'Subscripción Servicio Monitoreo mensual',10.00000,11.30000,NULL,NULL,10.00000,NULL,NULL,NULL,NULL,11.30000),('8dfe1e3a-9eaf-11e8-9106-0ac7b679022c','5d7e515d-1433-4141-ab9b-081f7fb6843e',2,NULL,NULL,1.000,33,NULL,'Subscripción Servicio Monitoreo mensual',10.00000,11.30000,NULL,NULL,10.00000,NULL,NULL,NULL,NULL,11.30000),('8e248944-9eaf-11e8-9106-0ac7b679022c','5d7e515d-1433-4141-ab9b-081f7fb6843e',3,NULL,NULL,1.000,33,NULL,'Subscripción Servicio Monitoreo mensual',10.00000,11.30000,NULL,NULL,10.00000,NULL,NULL,NULL,NULL,11.30000),('8ec8f113-9eaf-11e8-9106-0ac7b679022c','fe51c9e4-bdb8-46ab-bb71-c2bbc3910e71',1,NULL,NULL,1.000,33,NULL,'Subscripción Servicio Monitoreo mensual',10.00000,11.30000,NULL,NULL,10.00000,NULL,NULL,NULL,NULL,11.30000),('8eee7e75-9eaf-11e8-9106-0ac7b679022c','fe51c9e4-bdb8-46ab-bb71-c2bbc3910e71',2,NULL,NULL,1.000,33,NULL,'Subscripción Servicio Monitoreo mensual',10.00000,11.30000,NULL,NULL,10.00000,NULL,NULL,NULL,NULL,11.30000),('8f13f996-9eaf-11e8-9106-0ac7b679022c','fe51c9e4-bdb8-46ab-bb71-c2bbc3910e71',3,NULL,NULL,1.000,33,NULL,'Subscripción Servicio Monitoreo mensual',10.00000,11.30000,NULL,NULL,10.00000,NULL,NULL,NULL,NULL,11.30000),('8f39c487-9eaf-11e8-9106-0ac7b679022c','fe51c9e4-bdb8-46ab-bb71-c2bbc3910e71',4,NULL,NULL,1.000,33,NULL,'Subscripción Servicio Monitoreo mensual',10.00000,11.30000,NULL,NULL,10.00000,NULL,NULL,NULL,NULL,11.30000),('8fdff709-9eaf-11e8-9106-0ac7b679022c','9cf898a7-9e76-4e36-b0ec-ad712ef3c844',1,NULL,NULL,1.000,33,NULL,'Subscripción Servicio Monitoreo mensual',10.00000,11.30000,NULL,NULL,10.00000,NULL,NULL,NULL,NULL,11.30000),('900651ed-9eaf-11e8-9106-0ac7b679022c','9cf898a7-9e76-4e36-b0ec-ad712ef3c844',2,NULL,NULL,1.000,33,NULL,'Subscripción Servicio Monitoreo mensual',10.00000,11.30000,NULL,NULL,10.00000,NULL,NULL,NULL,NULL,11.30000),('902c3f7e-9eaf-11e8-9106-0ac7b679022c','9cf898a7-9e76-4e36-b0ec-ad712ef3c844',3,NULL,NULL,1.000,33,NULL,'Subscripción Servicio Monitoreo mensual',10.00000,11.30000,NULL,NULL,10.00000,NULL,NULL,NULL,NULL,11.30000),('a569f917-9f13-11e8-9106-0ac7b679022c','7d870b3a-b3dd-47d7-a7e9-d9a358699e83',1,NULL,NULL,1.000,33,NULL,'Subscripción Servicio Monitoreo mensual',18.00000,20.34000,NULL,NULL,18.00000,NULL,NULL,NULL,NULL,20.34000),('ad6d1ea0-9f15-11e8-9106-0ac7b679022c','de302d28-d7b0-4a3b-9d3e-4a2961e91e5a',1,NULL,NULL,1.000,33,NULL,'Subscripción Servicio Monitoreo mensual',18.00000,20.34000,NULL,NULL,18.00000,NULL,NULL,NULL,NULL,20.34000),('b4744a1f-9f6d-11e8-9106-0ac7b679022c','74c55c08-8801-4fd4-a0ac-8751600111bb',1,NULL,NULL,1.000,33,NULL,'Subscripción Servicio Monitoreo mensual',10.00000,11.30000,NULL,NULL,10.00000,NULL,NULL,NULL,NULL,11.30000),('b49712c6-9f6d-11e8-9106-0ac7b679022c','74c55c08-8801-4fd4-a0ac-8751600111bb',2,NULL,NULL,1.000,33,NULL,'Subscripción Servicio Monitoreo mensual',10.00000,11.30000,NULL,NULL,10.00000,NULL,NULL,NULL,NULL,11.30000),('b4ba0738-9f6d-11e8-9106-0ac7b679022c','74c55c08-8801-4fd4-a0ac-8751600111bb',3,NULL,NULL,1.000,33,NULL,'Subscripción Servicio Monitoreo mensual',10.00000,11.30000,NULL,NULL,10.00000,NULL,NULL,NULL,NULL,11.30000),('b5513ab3-9f6d-11e8-9106-0ac7b679022c','e6c024a5-de8e-4108-bd6b-11e300c43cf7',1,NULL,NULL,1.000,33,NULL,'Subscripción Servicio Monitoreo mensual',10.00000,11.30000,NULL,NULL,10.00000,NULL,NULL,NULL,NULL,11.30000),('b5740495-9f6d-11e8-9106-0ac7b679022c','e6c024a5-de8e-4108-bd6b-11e300c43cf7',2,NULL,NULL,1.000,33,NULL,'Subscripción Servicio Monitoreo mensual',10.00000,11.30000,NULL,NULL,10.00000,NULL,NULL,NULL,NULL,11.30000),('b584e1de-9f18-11e8-9106-0ac7b679022c','1cc4522d-177c-46a8-a1a9-ea24aa3c6924',1,NULL,NULL,1.000,33,NULL,'Subscripción Servicio Monitoreo mensual',15.93000,18.00090,NULL,NULL,15.93000,NULL,NULL,NULL,NULL,18.00090),('b5971063-9f6d-11e8-9106-0ac7b679022c','e6c024a5-de8e-4108-bd6b-11e300c43cf7',3,NULL,NULL,1.000,33,NULL,'Subscripción Servicio Monitoreo mensual',10.00000,11.30000,NULL,NULL,10.00000,NULL,NULL,NULL,NULL,11.30000),('b5b9e587-9f6d-11e8-9106-0ac7b679022c','e6c024a5-de8e-4108-bd6b-11e300c43cf7',4,NULL,NULL,1.000,33,NULL,'Subscripción Servicio Monitoreo mensual',10.00000,11.30000,NULL,NULL,10.00000,NULL,NULL,NULL,NULL,11.30000),('b6500120-9f6d-11e8-9106-0ac7b679022c','802b3b36-141b-4191-be90-83864a25d4ef',1,NULL,NULL,1.000,33,NULL,'Subscripción Servicio Monitoreo mensual',15.93000,18.00090,NULL,NULL,15.93000,NULL,NULL,NULL,NULL,18.00090),('b6e55da2-9f6d-11e8-9106-0ac7b679022c','194ce25a-8bc5-4b26-917f-dfd1db499ea4',1,NULL,NULL,1.000,33,NULL,'Subscripción Servicio Monitoreo mensual',10.00000,11.30000,NULL,NULL,10.00000,NULL,NULL,NULL,NULL,11.30000),('b7083d34-9f6d-11e8-9106-0ac7b679022c','194ce25a-8bc5-4b26-917f-dfd1db499ea4',2,NULL,NULL,1.000,33,NULL,'Subscripción Servicio Monitoreo mensual',10.00000,11.30000,NULL,NULL,10.00000,NULL,NULL,NULL,NULL,11.30000),('b72afdb3-9f6d-11e8-9106-0ac7b679022c','194ce25a-8bc5-4b26-917f-dfd1db499ea4',3,NULL,NULL,1.000,33,NULL,'Subscripción Servicio Monitoreo mensual',10.00000,11.30000,NULL,NULL,10.00000,NULL,NULL,NULL,NULL,11.30000),('c036a980-9f6c-11e8-9106-0ac7b679022c','2de77a01-006e-4df0-8814-3a53a9cbad38',1,NULL,NULL,1.000,33,NULL,'Subscripción Servicio Monitoreo mensual',10.00000,11.30000,NULL,NULL,10.00000,NULL,NULL,NULL,NULL,11.30000),('c05aa300-9f6c-11e8-9106-0ac7b679022c','2de77a01-006e-4df0-8814-3a53a9cbad38',2,NULL,NULL,1.000,33,NULL,'Subscripción Servicio Monitoreo mensual',10.00000,11.30000,NULL,NULL,10.00000,NULL,NULL,NULL,NULL,11.30000),('c07df1fb-9f6c-11e8-9106-0ac7b679022c','2de77a01-006e-4df0-8814-3a53a9cbad38',3,NULL,NULL,1.000,33,NULL,'Subscripción Servicio Monitoreo mensual',10.00000,11.30000,NULL,NULL,10.00000,NULL,NULL,NULL,NULL,11.30000),('c119b451-9f6c-11e8-9106-0ac7b679022c','1b8fd996-6fa8-47b5-829c-190ce7f48d4d',1,NULL,NULL,1.000,33,NULL,'Subscripción Servicio Monitoreo mensual',10.00000,11.30000,NULL,NULL,10.00000,NULL,NULL,NULL,NULL,11.30000),('c13d5e08-9f6c-11e8-9106-0ac7b679022c','1b8fd996-6fa8-47b5-829c-190ce7f48d4d',2,NULL,NULL,1.000,33,NULL,'Subscripción Servicio Monitoreo mensual',10.00000,11.30000,NULL,NULL,10.00000,NULL,NULL,NULL,NULL,11.30000),('c160ba81-9f6c-11e8-9106-0ac7b679022c','1b8fd996-6fa8-47b5-829c-190ce7f48d4d',3,NULL,NULL,1.000,33,NULL,'Subscripción Servicio Monitoreo mensual',10.00000,11.30000,NULL,NULL,10.00000,NULL,NULL,NULL,NULL,11.30000),('c18405e9-9f6c-11e8-9106-0ac7b679022c','1b8fd996-6fa8-47b5-829c-190ce7f48d4d',4,NULL,NULL,1.000,33,NULL,'Subscripción Servicio Monitoreo mensual',10.00000,11.30000,NULL,NULL,10.00000,NULL,NULL,NULL,NULL,11.30000),('c219144a-9f6c-11e8-9106-0ac7b679022c','a9aa9b8b-266d-4bf6-a512-5acde455e9b9',1,NULL,NULL,1.000,33,NULL,'Subscripción Servicio Monitoreo mensual',15.93000,18.00090,NULL,NULL,15.93000,NULL,NULL,NULL,NULL,18.00090),('c2b2768c-9f6c-11e8-9106-0ac7b679022c','bdb19c59-117b-42ca-adfb-8289fc54dcc2',1,NULL,NULL,1.000,33,NULL,'Subscripción Servicio Monitoreo mensual',10.00000,11.30000,NULL,NULL,10.00000,NULL,NULL,NULL,NULL,11.30000),('c2d5f5e8-9f6c-11e8-9106-0ac7b679022c','bdb19c59-117b-42ca-adfb-8289fc54dcc2',2,NULL,NULL,1.000,33,NULL,'Subscripción Servicio Monitoreo mensual',10.00000,11.30000,NULL,NULL,10.00000,NULL,NULL,NULL,NULL,11.30000),('c2f9c7af-9f6c-11e8-9106-0ac7b679022c','bdb19c59-117b-42ca-adfb-8289fc54dcc2',3,NULL,NULL,1.000,33,NULL,'Subscripción Servicio Monitoreo mensual',10.00000,11.30000,NULL,NULL,10.00000,NULL,NULL,NULL,NULL,11.30000),('ddfdec8d-9f6c-11e8-9106-0ac7b679022c','c08df1a8-f567-4a1f-8a0c-ce1a587f8d0d',1,NULL,NULL,1.000,33,NULL,'Subscripción Servicio Monitoreo mensual',10.00000,11.30000,NULL,NULL,10.00000,NULL,NULL,NULL,NULL,11.30000),('de2130a2-9f6c-11e8-9106-0ac7b679022c','c08df1a8-f567-4a1f-8a0c-ce1a587f8d0d',2,NULL,NULL,1.000,33,NULL,'Subscripción Servicio Monitoreo mensual',10.00000,11.30000,NULL,NULL,10.00000,NULL,NULL,NULL,NULL,11.30000),('de450bc8-9f6c-11e8-9106-0ac7b679022c','c08df1a8-f567-4a1f-8a0c-ce1a587f8d0d',3,NULL,NULL,1.000,33,NULL,'Subscripción Servicio Monitoreo mensual',10.00000,11.30000,NULL,NULL,10.00000,NULL,NULL,NULL,NULL,11.30000),('dee16750-9f6c-11e8-9106-0ac7b679022c','a4fef3b7-214a-4052-a63f-6cbc1fd7dfa7',1,NULL,NULL,1.000,33,NULL,'Subscripción Servicio Monitoreo mensual',10.00000,11.30000,NULL,NULL,10.00000,NULL,NULL,NULL,NULL,11.30000),('df04a1ac-9f6c-11e8-9106-0ac7b679022c','a4fef3b7-214a-4052-a63f-6cbc1fd7dfa7',2,NULL,NULL,1.000,33,NULL,'Subscripción Servicio Monitoreo mensual',10.00000,11.30000,NULL,NULL,10.00000,NULL,NULL,NULL,NULL,11.30000),('df282513-9f6c-11e8-9106-0ac7b679022c','a4fef3b7-214a-4052-a63f-6cbc1fd7dfa7',3,NULL,NULL,1.000,33,NULL,'Subscripción Servicio Monitoreo mensual',10.00000,11.30000,NULL,NULL,10.00000,NULL,NULL,NULL,NULL,11.30000),('df4e10b5-9f6c-11e8-9106-0ac7b679022c','a4fef3b7-214a-4052-a63f-6cbc1fd7dfa7',4,NULL,NULL,1.000,33,NULL,'Subscripción Servicio Monitoreo mensual',10.00000,11.30000,NULL,NULL,10.00000,NULL,NULL,NULL,NULL,11.30000),('dfe631f6-9f6c-11e8-9106-0ac7b679022c','5a3f31c5-d594-4577-ad8f-6bf7910ec677',1,NULL,NULL,1.000,33,NULL,'Subscripción Servicio Monitoreo mensual',15.93000,18.00090,NULL,NULL,15.93000,NULL,NULL,NULL,NULL,18.00090),('e07cc200-9f6c-11e8-9106-0ac7b679022c','a1744314-8997-4e26-a1d3-ee753bd6dee2',1,NULL,NULL,1.000,33,NULL,'Subscripción Servicio Monitoreo mensual',10.00000,11.30000,NULL,NULL,10.00000,NULL,NULL,NULL,NULL,11.30000),('e0a04846-9f6c-11e8-9106-0ac7b679022c','a1744314-8997-4e26-a1d3-ee753bd6dee2',2,NULL,NULL,1.000,33,NULL,'Subscripción Servicio Monitoreo mensual',10.00000,11.30000,NULL,NULL,10.00000,NULL,NULL,NULL,NULL,11.30000),('e0c37bfc-9f6c-11e8-9106-0ac7b679022c','a1744314-8997-4e26-a1d3-ee753bd6dee2',3,NULL,NULL,1.000,33,NULL,'Subscripción Servicio Monitoreo mensual',10.00000,11.30000,NULL,NULL,10.00000,NULL,NULL,NULL,NULL,11.30000),('e37c6103-9f13-11e8-9106-0ac7b679022c','c838fa1e-5257-4c91-a7a7-7a96de902d3b',1,NULL,NULL,1.000,33,NULL,'Subscripción Servicio Monitoreo mensual',18.00000,20.34000,NULL,NULL,18.00000,NULL,NULL,NULL,NULL,20.34000),('e531b10d-9f16-11e8-9106-0ac7b679022c','c758a94c-11d2-4070-9f3c-79526dedbe47',1,NULL,NULL,1.000,33,NULL,'Subscripción Servicio Monitoreo mensual',15.93000,18.00090,NULL,NULL,15.93000,NULL,NULL,NULL,NULL,18.00090),('fb916cde-9f19-11e8-9106-0ac7b679022c','9fbc825b-61ba-4efd-b50f-54e7281142c0',1,NULL,NULL,1.000,33,NULL,'Subscripción Servicio Monitoreo mensual',15.93000,18.00090,NULL,NULL,15.93000,NULL,NULL,NULL,NULL,18.00090);
/*!40000 ALTER TABLE `productosXFactura` ENABLE KEYS */;
UNLOCK TABLES;

--
-- Table structure for table `user`
--

DROP TABLE IF EXISTS `user`;
/*!40101 SET @saved_cs_client     = @@character_set_client */;
/*!40101 SET character_set_client = utf8 */;
CREATE TABLE `user` (
  `id` char(36) NOT NULL,
  `name` varchar(45) DEFAULT NULL,
  `tel` varchar(45) DEFAULT NULL,
  `active` int(1) DEFAULT NULL,
  PRIMARY KEY (`id`)
) ENGINE=InnoDB DEFAULT CHARSET=latin1;
/*!40101 SET character_set_client = @saved_cs_client */;

--
-- Dumping data for table `user`
--

LOCK TABLES `user` WRITE;
/*!40000 ALTER TABLE `user` DISABLE KEYS */;
/*!40000 ALTER TABLE `user` ENABLE KEYS */;
UNLOCK TABLES;
/*!40103 SET TIME_ZONE=@OLD_TIME_ZONE */;

/*!40101 SET SQL_MODE=@OLD_SQL_MODE */;
/*!40014 SET FOREIGN_KEY_CHECKS=@OLD_FOREIGN_KEY_CHECKS */;
/*!40014 SET UNIQUE_CHECKS=@OLD_UNIQUE_CHECKS */;
/*!40101 SET CHARACTER_SET_CLIENT=@OLD_CHARACTER_SET_CLIENT */;
/*!40101 SET CHARACTER_SET_RESULTS=@OLD_CHARACTER_SET_RESULTS */;
/*!40101 SET COLLATION_CONNECTION=@OLD_COLLATION_CONNECTION */;
/*!40111 SET SQL_NOTES=@OLD_SQL_NOTES */;

-- Dump completed on 2018-08-25  7:14:03
